ticker,company_name,sector,listing_date
279570,케이뱅크,은행 및 저축기관,2026-03-05
217590,티엠씨,절연선 및 케이블 제조업,2025-12-15
0126Z0,삼성에피스홀딩스,기타 금융업,2025-11-24
0120G0,삼양바이오팜,의약품 제조업,2025-11-24
317450,명인제약,의약품 제조업,2025-10-01
439260,대한조선,선박 및 보트 건조업,2025-08-01
0030R0,대신밸류리츠,신탁업 및 집합투자업,2025-07-10
483650,달바글로벌,기타 화학제품 제조업,2025-05-22
480370,씨케이솔루션,일반 목적용 기계 제조업,2025-03-17
031210,서울보증보험,보험업,2025-03-14
064400,LG씨엔에스,"컴퓨터 프로그래밍, 시스템 통합 및 관리업",2025-02-05
499790,GS피앤엘,기타 금융업,2024-12-23
484870,엠앤씨솔루션,특수 목적용 기계 제조업,2024-12-16
415640,KB발해인프라,신탁업 및 집합투자업,2024-11-29
475560,더본코리아,상품 종합 도매업,2024-11-06
489790,한화비전,통신 및 방송 장비 제조업,2024-09-27
079900,전진건설로봇,특수 목적용 기계 제조업,2024-08-19
487570,HS효성,기타 금융업,2024-07-29
062040,산일전기,"전동기, 발전기 및 전기 변환 · 공급 · 제어 장치 제조업",2024-07-29
462870,시프트업,소프트웨어 개발 및 공급업,2024-07-11
481850,신한글로벌액티브리츠,신탁업 및 집합투자업,2024-07-01
034230,파라다이스,유원지 및 기타 오락관련 서비스업,2024-06-24
443060,HD현대마린솔루션,"건축기술, 엔지니어링 및 관련 기술 서비스업",2024-05-08
475150,SK이터닉스,건물 건설업,2024-03-29
278470,에이피알,기타 화학제품 제조업,2024-02-27
066970,엘앤에프,일차전지 및 이차전지 제조업,2024-01-29
022100,포스코DX,"건축기술, 엔지니어링 및 관련 기술 서비스업",2024-01-02
017860,DS단석,기타 화학제품 제조업,2023-12-22
111380,동인기연,"가죽, 가방 및 유사제품 제조업",2023-11-21
450080,에코프로머티,일차전지 및 이차전지 제조업,2023-11-17
454910,두산로보틱스,특수 목적용 기계 제조업,2023-10-05
465770,STX그린로지스,해상 운송업,2023-09-15
092790,넥스틸,1차 철강 제조업,2023-08-21
030190,NICE평가정보,기타 정보 서비스업,2023-08-08
462520,조선내화,"내화, 비내화 요업제품 제조업",2023-07-28
090460,비에이치,전자부품 제조업,2023-06-20
460850,동국씨엠,1차 철강 제조업,2023-06-16
460860,동국제강,1차 철강 제조업,2023-06-16
457190,이수스페셜티케미컬,기초 화학물질 제조업,2023-05-31
456040,OCI,기초 화학물질 제조업,2023-05-30
100090,SK오션플랜트,1차 철강 제조업,2023-04-19
448730,삼성FN리츠,부동산 임대 및 공급업,2023-04-10
453340,현대그린푸드,종합 소매업,2023-04-10
452260,한화갤러리아,종합 소매업,2023-03-31
451800,한화리츠,부동산 임대 및 공급업,2023-03-27
377740,바이오노트,의료용품 및 기타 의약 관련제품 제조업,2022-12-22
446070,유니드비티플러스,제재 및 목재 가공업,2022-11-28
108320,LX세미콘,반도체 제조업,2022-11-03
432320,KB스타리츠,부동산 임대 및 공급업,2022-10-06
403550,쏘카,운송장비 임대업,2022-08-22
126720,수산인더스트리,전기 및 통신 공사업,2022-08-01
357430,마스턴프리미어리츠,부동산 임대 및 공급업,2022-05-31
417310,코람코더원리츠,부동산 임대 및 공급업,2022-03-28
373220,LG에너지솔루션,일차전지 및 이차전지 제조업,2022-01-27
404990,신한서부티엔디리츠,부동산 임대 및 공급업,2021-12-10
396690,미래에셋글로벌리츠,부동산 임대 및 공급업,2021-12-03
402340,SK스퀘어,기타 금융업,2021-11-29
400760,NH올원리츠,부동산 임대 및 공급업,2021-11-18
377300,카카오페이,금융 지원 서비스업,2021-11-03
381970,케이카,자동차 판매업,2021-10-13
329180,HD현대중공업,선박 및 보트 건조업,2021-09-17
395400,SK리츠,부동산 임대 및 공급업,2021-09-14
271940,일진하이솔루스,그외 기타 운송장비 제조업,2021-09-01
377190,디앤디플랫폼리츠,부동산 임대 및 공급업,2021-08-27
139990,아주스틸,1차 철강 제조업,2021-08-20
089860,롯데렌탈,운송장비 임대업,2021-08-19
372910,한컴라이프케어,의료용 기기 제조업,2021-08-17
259960,크래프톤,소프트웨어 개발 및 공급업,2021-08-10
178920,PI첨단소재,플라스틱제품 제조업,2021-08-09
323410,카카오뱅크,은행 및 저축기관,2021-08-06
137310,에스디바이오센서,의료용 기기 제조업,2021-07-16
097520,엠씨넥스,영상 및 음향기기 제조업,2021-07-06
383800,LX홀딩스,기타 금융업,2021-05-27
383220,F&F,봉제의복 제조업,2021-05-21
361610,SK아이이테크놀로지,일차전지 및 이차전지 제조업,2021-05-11
302440,SK바이오사이언스,기초 의약물질 제조업,2021-03-18
378850,화승알앤에이,자동차 신품 부품 제조업,2021-03-15
950210,프레스티지바이오파마,자연과학 및 공학 연구개발업,2021-02-05
248070,솔루엠,전자부품 제조업,2021-02-02
375500,DL이앤씨,토목 건설업,2021-01-25
365550,ESR켄달스퀘어리츠,부동산 임대 및 공급업,2020-12-23
009900,명신산업,자동차 신품 부품 제조업,2020-12-07
244920,에이플러스에셋,보험 및 연금관련 서비스업,2020-11-20
339770,교촌에프앤비,음·식료품 및 담배 도매업,2020-11-12
352820,하이브,오디오물 출판 및 원판 녹음업,2020-10-15
363280,티와이홀딩스,기타 금융업,2020-09-22
357120,코람코라이프인프라리츠,부동산 임대 및 공급업,2020-08-31
348950,제이알글로벌리츠,부동산 임대 및 공급업,2020-08-07
357250,미래에셋맵스리츠,부동산 임대 및 공급업,2020-08-05
350520,이지스레지던스리츠,부동산 임대 및 공급업,2020-08-05
334890,이지스밸류플러스리츠,부동산 임대 및 공급업,2020-07-16
326030,에스케이바이오팜,자연과학 및 공학 연구개발업,2020-07-02
353200,대덕전자,전자부품 제조업,2020-05-21
344820,케이씨씨글라스,유리 및 유리제품 제조업,2020-01-21
338100,NH프라임리츠,부동산 임대 및 공급업,2019-12-05
308170,씨티알모빌리티,자동차 신품 부품 제조업,2019-11-25
322000,HD현대에너지솔루션,반도체 제조업,2019-11-19
272210,한화시스템,전자부품 제조업,2019-11-13
317400,자이에스앤디,부동산 임대 및 공급업,2019-11-06
330590,롯데리츠,부동산 임대 및 공급업,2019-10-30
013890,지누스,가구 제조업,2019-10-30
336260,두산퓨얼셀,"전동기, 발전기 및 전기 변환 · 공급 · 제어 장치 제조업",2019-10-18
336370,솔루스첨단소재,전자부품 제조업,2019-10-18
036420,콘텐트리중앙,"영화, 비디오물, 방송프로그램 제작 및 배급업",2019-10-18
003670,포스코퓨처엠,일차전지 및 이차전지 제조업,2019-05-29
307950,현대오토에버,소프트웨어 개발 및 공급업,2019-03-28
192650,드림텍,전자부품 제조업,2019-03-14
192080,더블유게임즈,소프트웨어 개발 및 공급업,2019-03-12
316140,우리금융지주,기타 금융업,2019-02-13
298690,에어부산,항공 여객 운송업,2018-12-27
267850,아시아나IDT,"컴퓨터 프로그래밍, 시스템 통합 및 관리업",2018-11-23
306200,세아제강,1차 철강 제조업,2018-10-05
293480,하나제약,의약품 제조업,2018-10-02
010400,우진아이엔에스,건물설비 설치 공사업,2018-09-14
293940,신한알파리츠,부동산 임대 및 공급업,2018-08-08
300720,한일시멘트,"시멘트, 석회, 플라스터 및 그 제품 제조업",2018-08-06
091810,트리니티항공,항공 여객 운송업,2018-08-01
286940,롯데이노베이트,"컴퓨터 프로그래밍, 시스템 통합 및 관리업",2018-07-27
298050,HS효성첨단소재,화학섬유 제조업,2018-07-13
298040,효성중공업,"전동기, 발전기 및 전기 변환 · 공급 · 제어 장치 제조업",2018-07-13
298020,효성티앤씨,화학섬유 제조업,2018-07-13
298000,효성화학,기초 화학물질 제조업,2018-07-13
088260,이리츠코크렙,부동산 임대 및 공급업,2018-06-27
294870,IPARK현대산업개발,건물 건설업,2018-06-12
018250,애경산업,기타 화학제품 제조업,2018-03-22
068270,셀트리온,기초 의약물질 제조업,2018-02-09
284740,쿠쿠홈시스,개인 및 가정용품 임대업,2018-01-11
285130,SK케미칼,합성고무 및 플라스틱 물질 제조업,2018-01-05
282330,BGF리테일,종합 소매업,2017-12-08
092780,DYP,자동차용 엔진 및 자동차 제조업,2017-12-08
272450,진에어,항공 여객 운송업,2017-12-08
281820,케이씨텍,"측정, 시험, 항해, 제어 및 기타 정밀기기 제조업; 광학기기 제외",2017-12-05
272550,삼양패키징,플라스틱제품 제조업,2017-11-29
055490,테이팩스,플라스틱제품 제조업,2017-10-31
280360,롯데웰푸드,기타 식품 제조업,2017-10-30
271980,제일약품,의약품 제조업,2017-07-17
035720,카카오,"자료처리, 호스팅, 포털 및 기타 인터넷 정보매개 서비스업",2017-07-10
271560,오리온,기타 식품 제조업,2017-07-07
268280,미원에스씨,기초 화학물질 제조업,2017-05-22
267290,경동도시가스,연료용 가스 제조 및 배관공급업,2017-05-12
251270,넷마블,소프트웨어 개발 및 공급업,2017-05-12
267270,HD건설기계,특수 목적용 기계 제조업,2017-05-10
267250,HD현대,기타 금융업,2017-05-10
267260,HD현대일렉트릭,"전동기, 발전기 및 전기 변환 · 공급 · 제어 장치 제조업",2017-05-10
264900,크라운제과,"떡, 빵 및 과자류 제조업",2017-04-11
145720,덴티움,의료용 기기 제조업,2017-03-15
111110,호전실업,봉제의복 제조업,2017-02-02
143210,핸즈코퍼레이션,자동차 신품 부품 제조업,2016-12-02
241560,두산밥캣,특수 목적용 기계 제조업,2016-11-18
207940,삼성바이오로직스,기초 의약물질 제조업,2016-11-10
234080,JW생명과학,의약품 제조업,2016-10-27
241590,화승엔터프라이즈,신발 및 신발 부분품 제조업,2016-10-04
204210,JK리버스톤리츠,부동산 임대 및 공급업,2016-09-22
229640,LS에코에너지,기타 금융업,2016-09-22
249420,일동제약,의약품 제조업,2016-08-31
248170,샘표식품,기타 식품 제조업,2016-08-09
016740,두올,자동차 신품 부품 제조업,2016-07-29
026960,동서,음·식료품 및 담배 도매업,2016-07-15
123890,한국자산신탁,신탁업 및 집합투자업,2016-07-13
034830,한국토지신탁,신탁업 및 집합투자업,2016-07-11
195870,해성디에스,전자부품 제조업,2016-06-24
070960,모나용평,일반 및 생활 숙박시설 운영업,2016-05-27
101530,해태제과식품,기타 식품 제조업,2016-05-11
004440,삼일씨엔에스,"시멘트, 석회, 플라스터 및 그 제품 제조업",2016-03-30
194370,제이에스코퍼레이션,"가죽, 가방 및 유사제품 제조업",2016-02-04
226320,잇츠한불,기타 화학제품 제조업,2015-12-28
075580,세진중공업,선박 및 보트 건조업,2015-11-30
214330,금호에이치티,자동차 신품 부품 제조업,2015-11-11
089590,제주항공,항공 여객 운송업,2015-11-06
227840,현대코퍼레이션홀딩스,음·식료품 및 담배 도매업,2015-10-23
079550,LIG디펜스앤에어로스페이스,무기 및 총포탄 제조업,2015-10-02
039570,HDC랩스,전기 및 통신 공사업,2015-09-24
002690,동일제강,1차 철강 제조업,2015-09-24
095570,AJ네트웍스,산업용 기계 및 장비 임대업,2015-08-21
214320,이노션,광고업,2015-07-17
214420,토니모리,기타 화학제품 제조업,2015-07-10
085620,미래에셋생명,보험업,2015-07-08
214390,경보제약,기초 의약물질 제조업,2015-06-29
210980,SK디앤디,부동산 임대 및 공급업,2015-06-23
145210,다이나믹디자인,특수 목적용 기계 제조업,2015-03-19
213500,한솔제지,"펄프, 종이 및 판지 제조업",2015-01-26
210540,디와이파워,특수 목적용 기계 제조업,2015-01-15
028260,삼성물산,기타 전문 도매업,2014-12-18
112610,씨에스윈드,"구조용 금속제품, 탱크 및 증기발생기 제조업",2014-11-27
018260,삼성에스디에스,"컴퓨터 프로그래밍, 시스템 통합 및 관리업",2014-11-14
204320,HL만도,자동차 신품 부품 제조업,2014-10-06
200880,서연이화,자동차 신품 부품 제조업,2014-08-08
192400,쿠쿠홀딩스,기타 금융업,2014-08-06
133820,화인베스틸,1차 철강 제조업,2014-07-22
027410,BGF,기타 금융업,2014-05-19
192820,코스맥스,기타 화학제품 제조업,2014-04-07
185750,종근당,의약품 제조업,2013-12-06
006880,신송홀딩스,산업용 농·축산물 및 동·식물 도매업,2013-11-21
183190,아세아시멘트,"시멘트, 석회, 플라스터 및 그 제품 제조업",2013-11-06
064350,현대로템,그외 기타 운송장비 제조업,2013-10-30
180640,한진칼,기타 금융업,2013-09-16
181710,NHN,소프트웨어 개발 및 공급업,2013-08-29
175330,JB금융지주,기타 금융업,2013-07-18
155660,DSR,1차 비철금속 제조업,2013-05-15
170900,동아에스티,의약품 제조업,2013-04-08
013870,지엠비코리아,자동차 신품 부품 제조업,2012-11-20
037560,LG헬로비전,텔레비전 방송업,2012-11-09
163560,동일고무벨트,고무제품 제조업,2012-10-19
161890,한국콜마,기타 화학제품 제조업,2012-10-19
161390,한국타이어앤테크놀로지,고무제품 제조업,2012-10-04
161000,애경케미칼,기초 화학물질 제조업,2012-09-17
014710,사조씨푸드,수산물 가공 및 저장 처리업,2012-06-29
079980,휴비스,화학섬유 제조업,2012-02-23
145270,케이탑리츠,부동산 임대 및 공급업,2012-01-31
007070,GS리테일,종합 소매업,2011-12-23
129260,인터지스,도로 화물 운송업,2011-12-16
145990,삼양사,기타 식품 제조업,2011-12-05
039130,하나투어,여행사 및 기타 여행보조 서비스업,2011-11-01
078520,에이블씨엔씨,기타 화학제품 제조업,2011-09-07
023000,삼원강재,자동차 신품 부품 제조업,2011-07-22
031430,신세계인터내셔날,"섬유, 의복, 신발 및 가죽제품 소매업",2011-07-14
140910,에이리츠,부동산 임대 및 공급업,2011-07-14
047810,한국항공우주,"항공기,우주선 및 부품 제조업",2011-06-30
071840,롯데하이마트,가전제품 및 정보통신장비 소매업,2011-06-29
069640,한세엠케이,"섬유, 의복, 신발 및 가죽제품 소매업",2011-06-21
139480,이마트,종합 소매업,2011-06-10
139130,iM금융지주,기타 금융업,2011-06-07
053210,케이티스카이라이프,텔레비전 방송업,2011-06-03
138040,메리츠금융지주,기타 금융업,2011-05-13
023350,한국종합기술,"건축기술, 엔지니어링 및 관련 기술 서비스업",2011-04-28
138930,BNK금융지주,기타 금융업,2011-03-30
020150,롯데에너지머티리얼즈,전자부품 제조업,2011-03-04
011210,현대위아,자동차 신품 부품 제조업,2011-02-21
136490,선진,동물용 사료 및 조제식품 제조업,2011-02-16
134380,미원화학,기타 화학제품 제조업,2011-02-15
134790,시디즈,가구 제조업,2011-01-25
082740,한화엔진,일반 목적용 기계 제조업,2011-01-04
117580,대성에너지,연료용 가스 제조 및 배관공급업,2010-12-24
126560,현대퓨처넷,전기 통신업,2010-12-23
058860,KTis,기타 정보 서비스업,2010-12-17
130660,한전산업,"건축기술, 엔지니어링 및 관련 기술 서비스업",2010-12-16
900140,엘브이엠씨,자동차 판매업,2010-11-30
081660,미스토홀딩스,생활용품 도매업,2010-09-28
058850,KTcs,기타 정보 서비스업,2010-09-16
057050,현대홈쇼핑,무점포 소매업,2010-09-13
002150,도화엔지니어링,"건축기술, 엔지니어링 및 관련 기술 서비스업",2010-08-12
128820,대성산업,연료 소매업,2010-07-30
122900,아이마켓코리아,상품 종합 도매업,2010-07-30
128940,한미약품,의약품 제조업,2010-07-30
105840,우진,"측정, 시험, 항해, 제어 및 기타 정밀기기 제조업; 광학기기 제외",2010-07-26
033920,무학,알코올음료 제조업,2010-07-20
102460,이연제약,의약품 제조업,2010-06-10
123690,한국화장품,생활용품 도매업,2010-06-01
123700,에스제이엠,자동차 신품 부품 제조업,2010-05-31
060980,HL홀딩스,기타 금융업,2010-05-19
032830,삼성생명,보험업,2010-05-12
031440,신세계푸드,음식점업,2010-04-29
088350,한화생명,보험업,2010-03-17
120030,조선선재,기타 금속 가공제품 제조업,2010-02-19
120110,코오롱인더,화학섬유 제조업,2010-02-01
119650,KC코트렐,일반 목적용 기계 제조업,2010-01-29
071320,지역난방공사,"증기, 냉·온수 및 공기조절 공급업",2010-01-29
012160,영흥,1차 철강 제조업,2010-01-25
118000,메타케어,기계장비 및 관련 물품 도매업,2009-12-30
052690,한전기술,"건축기술, 엔지니어링 및 관련 기술 서비스업",2009-12-14
114090,GKL,유원지 및 기타 오락관련 서비스업,2009-11-19
034730,SK,기타 금융업,2009-11-11
032560,황금에스티,1차 비철금속 제조업,2009-10-29
000080,하이트진로,알코올음료 제조업,2009-10-19
082640,동양생명,보험업,2009-10-08
047400,유니온머티리얼,"내화, 비내화 요업제품 제조업",2009-09-29
093240,형지엘리트,봉제의복 제조업,2009-09-28
039490,키움증권,금융 지원 서비스업,2009-08-03
111770,영원무역,상품 종합 도매업,2009-07-30
053690,한미글로벌,"건축기술, 엔지니어링 및 관련 기술 서비스업",2009-06-23
028100,동아지질,기반조성 및 시설물 축조관련 전문공사업,2009-06-12
071970,HD현대마린엔진,일반 목적용 기계 제조업,2009-05-15
108670,LX하우시스,플라스틱제품 제조업,2009-04-20
105630,한세실업,봉제의복 제조업,2009-03-20
109070,주성코퍼레이션,통신 및 방송 장비 제조업,2009-03-17
107590,미원홀딩스,기타 금융업,2009-03-02
035420,NAVER,"자료처리, 호스팅, 포털 및 기타 인터넷 정보매개 서비스업",2008-11-28
026940,부국철강,1차 철강 제조업,2008-10-14
105560,KB금융,기타 금융업,2008-10-10
104700,한국철강,1차 철강 제조업,2008-09-29
103590,일진전기,절연선 및 케이블 제조업,2008-08-01
103140,풍산,1차 비철금속 제조업,2008-07-30
011070,LG이노텍,전자부품 제조업,2008-07-24
017180,명문제약,의약품 제조업,2008-07-10
100220,비상교육,"서적, 잡지 및 기타 인쇄물 출판업",2008-06-30
102260,동성케미컬,합성고무 및 플라스틱 물질 제조업,2008-06-23
032640,LG유플러스,전기 통신업,2008-04-21
101140,인바이오젠,기계장비 및 관련 물품 도매업,2008-04-02
020560,아시아나항공,항공 여객 운송업,2008-03-28
100840,SNT에너지,일반 목적용 기계 제조업,2008-02-22
100250,진양홀딩스,플라스틱제품 제조업,2008-02-15
085310,엔케이,"구조용 금속제품, 탱크 및 증기발생기 제조업",2008-01-24
051600,한전KPS,전기 및 통신 공사업,2007-12-14
092440,기신정기,특수 목적용 기계 제조업,2007-10-30
044450,KSS해운,해상 운송업,2007-10-26
094280,효성 ITX,기타 사업지원 서비스업,2007-10-25
033270,유나이티드,의약품 제조업,2007-10-23
092200,디아이씨,자동차 신품 부품 제조업,2007-10-18
097950,CJ제일제당,기타 식품 제조업,2007-09-28
028670,팬오션,해상 운송업,2007-09-21
097230,HJ중공업,토목 건설업,2007-08-31
096760,JW홀딩스,기타 금융업,2007-07-31
096770,SK이노베이션,석유 정제품 제조업,2007-07-25
029780,삼성카드,기타 금융업,2007-06-27
001780,알루코,1차 비철금속 제조업,2007-06-07
095720,웅진씽크빅,초등 교육기관,2007-05-31
094800,맵스리얼티,신탁업 및 집합투자업,2007-04-09
090370,메타랩스,봉제의복 제조업,2006-12-26
093370,후성,기초 화학물질 제조업,2006-12-22
093050,LF,봉제의복 제조업,2006-12-01
044380,주연테크,컴퓨터 및 주변장치 제조업,2006-11-15
044820,코스맥스비티아이,기타 금융업,2006-11-13
034590,인천도시가스,연료용 가스 제조 및 배관공급업,2006-11-07
009770,삼정펄프,"펄프, 종이 및 판지 제조업",2006-10-17
092220,KEC,반도체 제조업,2006-10-16
092230,KPX홀딩스,기초 화학물질 제조업,2006-10-12
089470,HDC현대EP,기타 화학제품 제조업,2006-09-25
090350,노루페인트,기타 화학제품 제조업,2006-07-03
090430,아모레퍼시픽,기타 화학제품 제조업,2006-06-29
032350,롯데관광개발,여행사 및 기타 여행보조 서비스업,2006-06-08
090080,평화산업,자동차 신품 부품 제조업,2006-06-02
049800,우진플라임,특수 목적용 기계 제조업,2006-05-24
035510,신세계I&C,"컴퓨터 프로그래밍, 시스템 통합 및 관리업",2006-05-18
088790,진도,기타 전문 도매업,2006-03-28
088980,맥쿼리인프라,신탁업 및 집합투자업,2006-03-15
023530,롯데쇼핑,종합 소매업,2006-02-09
086280,현대글로비스,기타 운송관련 서비스업,2005-12-26
084870,티비에이치글로벌,봉제의복 제조업,2005-12-19
086790,하나금융지주,기타 금융업,2005-12-12
001560,제일연마,기타 비금속 광물제품 제조업,2005-12-09
079430,현대리바트,가구 제조업,2005-11-22
084010,대한제강,1차 철강 제조업,2005-10-31
075180,새론오토모티브,자동차 신품 부품 제조업,2005-10-21
083420,그린케미칼,기타 화학제품 제조업,2005-10-20
084690,대상홀딩스,기타 금융업,2005-08-17
071950,코아스,가구 제조업,2005-08-04
084680,이월드,귀금속 및 장신용품 제조업,2005-07-26
084670,동양고속,육상 여객 운송업,2005-07-25
042700,한미반도체,특수 목적용 기계 제조업,2005-07-22
004890,동일산업,1차 철강 제조업,2005-06-30
010960,삼호개발,기반조성 및 시설물 축조관련 전문공사업,2005-05-12
073240,금호타이어,고무제품 제조업,2005-02-17
079160,CJ CGV,"영화, 비디오물, 방송프로그램 제작 및 배급업",2004-12-24
081000,일진다이아,기타 화학제품 제조업,2004-12-22
014830,유니드,기초 화학물질 제조업,2004-12-03
041650,상신브레이크,자동차 신품 부품 제조업,2004-10-27
023810,인팩,자동차 신품 부품 제조업,2004-09-21
078930,GS,기타 금융업,2004-08-05
077500,유니퀘스트,기계장비 및 관련 물품 도매업,2004-08-05
058730,다스코,"구조용 금속제품, 탱크 및 증기발생기 제조업",2004-08-02
034220,LG디스플레이,전자부품 제조업,2004-07-23
078000,텔코웨어,"자료처리, 호스팅, 포털 및 기타 인터넷 정보매개 서비스업",2004-07-20
077970,STX엔진,일반 목적용 기계 제조업,2004-05-10
034310,NICE,회사 본부 및 경영 컨설팅 서비스업,2004-02-04
019680,대교,초등 교육기관,2004-02-03
024110,기업은행,은행 및 저축기관,2003-12-24
074610,이엔플러스,일반 목적용 기계 제조업,2003-12-23
025750,한솔홈데코,제재 및 목재 가공업,2003-11-04
007660,이수페타시스,전자부품 제조업,2003-10-07
035250,강원랜드,유원지 및 기타 오락관련 서비스업,2003-09-04
037270,YG PLUS,"자료처리, 호스팅, 포털 및 기타 인터넷 정보매개 서비스업",2003-08-01
072710,농심홀딩스,기타 금융업,2003-07-30
071050,한국금융지주,기타 금융업,2003-07-21
072130,유엔젤,"자료처리, 호스팅, 포털 및 기타 인터넷 정보매개 서비스업",2003-07-01
034120,SBS,텔레비전 방송업,2003-06-25
036570,NC,소프트웨어 개발 및 공급업,2003-05-22
071090,하이스틸,1차 철강 제조업,2003-02-17
069730,DSR제강,1차 철강 제조업,2003-01-28
006890,태경케미컬,기초 화학물질 제조업,2003-01-28
011500,한농화성,기타 화학제품 제조업,2003-01-09
069960,현대백화점,종합 소매업,2002-11-25
069460,대호에이엘,1차 비철금속 제조업,2002-11-11
069620,대웅제약,의약품 제조업,2002-11-01
027740,마니커,"도축, 육류 가공 및 저장 처리업",2002-10-29
036530,SNT홀딩스,기타 금융업,2002-10-22
069260,티케이지휴켐스,기타 화학제품 제조업,2002-10-07
033530,SJG세종,자동차 신품 부품 제조업,2002-09-25
058430,포스코스틸리온,1차 철강 제조업,2002-08-16
068290,삼성출판사,"서적, 잡지 및 기타 인쇄물 출판업",2002-08-05
067830,세이브존I&C,종합 소매업,2002-07-25
030610,교보증권,금융 지원 서비스업,2002-07-18
009240,한샘,생활용품 도매업,2002-07-16
017370,우신시스템,특수 목적용 기계 제조업,2002-05-28
066570,LG전자,통신 및 방송 장비 제조업,2002-04-22
024720,콜마홀딩스,기타 금융업,2002-04-09
064960,SNT모티브,자동차 신품 부품 제조업,2002-03-11
037710,광주신세계,종합 소매업,2002-02-07
020760,일진디스플,반도체 제조업,2002-01-09
063160,종근당바이오,의약품 제조업,2001-12-11
055550,신한지주,기타 금융업,2001-09-10
021240,코웨이,그외 기타 개인 서비스업,2001-08-07
058650,세아홀딩스,1차 철강 제조업,2001-07-30
051900,LG생활건강,기타 화학제품 제조업,2001-04-25
051910,LG화학,기초 화학물질 제조업,2001-04-25
047040,대우건설,건물 건설업,2001-03-23
047050,포스코인터내셔널,상품 중개업,2001-03-23
042660,한화오션,선박 및 보트 건조업,2001-02-02
051630,진양화학,플라스틱제품 제조업,2001-01-29
034020,두산에너빌리티,일반 목적용 기계 제조업,2000-10-25
010040,한국내화,"내화, 비내화 요업제품 제조업",2000-10-16
016450,한세예스24홀딩스,봉제의복 제조업,2000-01-06
016710,대성홀딩스,회사 본부 및 경영 컨설팅 서비스업,1999-12-22
003220,대원제약,의약품 제조업,1999-12-15
036460,한국가스공사,연료용 가스 제조 및 배관공급업,1999-12-15
007120,미래아이앤지,"컴퓨터 프로그래밍, 시스템 통합 및 관리업",1999-11-26
000850,화천기공,특수 목적용 기계 제조업,1999-11-18
036580,팜스코,"곡물가공품, 전분 및 전분제품 제조업",1999-10-25
033780,케이티앤지,담배 제조업,1999-10-08
009540,HD한국조선해양,기타 금융업,1999-08-24
024090,디씨엠,1차 철강 제조업,1999-08-18
006840,AK홀딩스,기타 금융업,1999-08-11
035000,HS애드,광고업,1999-08-11
006650,대한유화,기초 화학물질 제조업,1999-08-11
035150,백산,플라스틱제품 제조업,1999-08-11
033250,체시스,자동차 신품 부품 제조업,1999-08-11
033240,자화전자,전자부품 제조업,1999-01-06
030200,케이티,전기 통신업,1998-12-23
019490,엑시큐어하이트론,영상 및 음향기기 제조업,1998-11-04
030000,제일기획,광고업,1998-03-03
026890,스틱인베스트먼트,신탁업 및 집합투자업,1997-11-25
029460,케이씨,"측정, 시험, 항해, 제어 및 기타 정밀기기 제조업; 광학기기 제외",1997-11-25
024890,대원화성,플라스틱제품 제조업,1997-10-28
017940,E1,기타 전문 도매업,1997-08-27
018670,SK가스,기타 전문 도매업,1997-08-27
023590,다우기술,"자료처리, 호스팅, 포털 및 기타 인터넷 정보매개 서비스업",1997-08-27
014440,영보화학,플라스틱제품 제조업,1997-08-27
011790,SKC,기타 화학제품 제조업,1997-07-18
025890,한국주강,특수 목적용 기계 제조업,1997-07-18
024900,디와이덕양,자동차 신품 부품 제조업,1997-06-23
023960,에쓰씨엔지니어링,토목 건설업,1997-06-23
023800,인지컨트롤스,자동차 신품 부품 제조업,1997-06-23
012320,경동인베스트,기타 금융업,1997-03-07
031820,아이티센씨티에스,"컴퓨터 프로그래밍, 시스템 통합 및 관리업",1997-02-12
025530,에스제이엠홀딩스,자동차 부품 및 내장품 판매업,1997-02-12
000660,SK하이닉스,반도체 제조업,1996-12-26
015360,INVENI,회사 본부 및 경영 컨설팅 서비스업,1996-12-24
023150,MH에탄올,알코올음료 제조업,1996-12-24
023450,동남합성,기초 화학물질 제조업,1996-12-24
028050,삼성E&A,"건축기술, 엔지니어링 및 관련 기술 서비스업",1996-12-24
029530,신도리코,컴퓨터 및 주변장치 제조업,1996-12-24
005320,온타이드,생활용품 도매업,1996-12-24
016800,퍼시스,가구 제조업,1996-12-24
024070,WISCOM,플라스틱제품 제조업,1996-11-22
030720,동원수산,어로 어업,1996-11-22
025560,미래산업,"측정, 시험, 항해, 제어 및 기타 정밀기기 제조업; 광학기기 제외",1996-11-22
030210,다올투자증권,금융 지원 서비스업,1996-11-19
012630,HDC,기타 금융업,1996-10-16
017900,광전자,반도체 제조업,1996-10-16
025540,한국단자공업,"전동기, 발전기 및 전기 변환 · 공급 · 제어 장치 제조업",1996-10-16
003160,디아이,"측정, 시험, 항해, 제어 및 기타 정밀기기 제조업; 광학기기 제외",1996-07-31
011930,신성이엔지,반도체 제조업,1996-07-31
019180,티에이치엔,기타 전기장비 제조업,1996-07-31
018880,한온시스템,일반 목적용 기계 제조업,1996-07-31
006740,블루산업개발,"골판지, 종이 상자 및 종이용기 제조업",1996-07-03
021820,세원정공,자동차 신품 부품 제조업,1996-07-03
000910,유니온,"시멘트, 석회, 플라스터 및 그 제품 제조업",1996-07-03
020120,키다리스튜디오,"자료처리, 호스팅, 포털 및 기타 인터넷 정보매개 서비스업",1996-07-03
027970,한국제지,"펄프, 종이 및 판지 제조업",1996-07-03
020000,한섬,봉제의복 제조업,1996-07-03
017800,현대엘리베이터,일반 목적용 기계 제조업,1996-07-03
016580,환인제약,의약품 제조업,1996-07-03
013580,계룡건설산업,토목 건설업,1996-01-30
021050,서원,금속 주조업,1996-01-30
012750,에스원,"경비, 경호 및 탐정업",1996-01-30
015890,태경산업,기초 화학물질 제조업,1996-01-30
016590,신대양제지,"골판지, 종이 상자 및 종이용기 제조업",1995-12-21
011690,와이투솔루션,반도체 제조업,1995-12-21
025860,남해화학,"비료, 농약 및 살균, 살충제 제조업",1995-11-10
018500,동원금속,자동차 신품 부품 제조업,1995-11-10
011300,우성머티리얼스,직물직조 및 직물제품 제조업,1995-11-10
011200,HMM,해상 운송업,1995-10-05
012610,경인양행,기초 화학물질 제조업,1995-10-05
017810,풀무원,기타 식품 제조업,1995-10-05
017390,서울도시가스,연료용 가스 제조 및 배관공급업,1995-08-18
025820,이구산업,1차 비철금속 제조업,1995-08-18
011090,에넥스,가구 제조업,1995-07-08
007460,에이프로젠,의약품 제조업,1995-07-08
025620,차AI헬스케어,기타 화학제품 제조업,1995-07-08
017960,한국카본,"구조용 금속제품, 탱크 및 증기발생기 제조업",1995-07-08
025000,KPX케미칼,기초 화학물질 제조업,1994-12-27
007980,TP,봉제의복 제조업,1994-12-27
010580,에스엠벡셀,자동차 신품 부품 제조업,1994-12-27
009440,KC그린홀딩스,기타 금융업,1994-11-05
008420,문배철강,1차 철강 제조업,1994-11-05
016880,웅진,회사 본부 및 경영 컨설팅 서비스업,1994-11-05
014790,HL D&I,토목 건설업,1994-08-12
007310,오뚜기,기타 식품 제조업,1994-08-12
008500,일정실업,편조원단 제조업,1994-08-12
010120,엘에스일렉트릭,"전동기, 발전기 및 전기 변환 · 공급 · 제어 장치 제조업",1994-07-11
009190,대양금속,1차 철강 제조업,1994-04-29
000760,이화산업,기타 전문 도매업,1994-04-29
014820,동원시스템즈,플라스틱제품 제조업,1994-03-29
010140,삼성중공업,선박 및 보트 건조업,1994-01-28
009680,모토닉,자동차 신품 부품 제조업,1994-01-14
010690,화신,자동차 신품 부품 제조업,1994-01-14
000390,SP삼화,기타 화학제품 제조업,1993-09-10
009450,경동나비엔,가정용 기기 제조업,1993-08-31
012030,DB,"컴퓨터 프로그래밍, 시스템 통합 및 관리업",1993-01-06
005090,SGC에너지,전기업,1993-01-06
005750,대림바스,"내화, 비내화 요업제품 제조업",1992-12-23
005880,대한해운,해상 운송업,1992-04-23
005870,휴니드테크놀러지스,통신 및 방송 장비 제조업,1991-09-03
017550,수산세보틱스,특수 목적용 기계 제조업,1991-08-30
011170,롯데케미칼,기초 화학물질 제조업,1991-05-30
001430,세아베스틸지주,1차 철강 제조업,1991-03-12
008770,호텔신라,기타 상품 전문 소매업,1991-03-12
014580,태경비케이,"시멘트, 석회, 플라스터 및 그 제품 제조업",1991-03-07
013520,화승코퍼레이션,자동차 신품 부품 제조업,1991-02-22
004080,신흥,기계장비 및 관련 물품 도매업,1991-02-08
006060,화승인더스트리,상품 종합 도매업,1991-02-04
014530,극동유화,석유 정제품 제조업,1991-01-31
002140,고려산업,"곡물가공품, 전분 및 전분제품 제조업",1991-01-14
016090,대현,봉제의복 제조업,1990-09-20
001620,케이비아이동국실업,자동차 신품 부품 제조업,1990-09-15
017040,광명전기,"전동기, 발전기 및 전기 변환 · 공급 · 제어 장치 제조업",1990-09-14
011390,부산산업,"시멘트, 석회, 플라스터 및 그 제품 제조업",1990-09-14
011810,STX,상품 종합 도매업,1990-09-12
010130,고려아연,1차 비철금속 제조업,1990-07-28
004720,팜젠사이언스,의약품 제조업,1990-06-15
009200,무림페이퍼,"펄프, 종이 및 판지 제조업",1990-06-09
001500,현대차증권,금융 지원 서비스업,1990-06-09
008870,금비,유리 및 유리제품 제조업,1990-06-08
005820,원림,직물직조 및 직물제품 제조업,1990-04-20
008490,서흥,기타 화학제품 제조업,1990-03-27
014910,성문전자,전자부품 제조업,1990-03-24
003580,HLB글로벌,종합 소매업,1990-03-23
015860,일진홀딩스,기타 금융업,1990-03-22
014160,대영포장,"골판지, 종이 상자 및 종이용기 제조업",1990-03-06
012280,영화금속,자동차 신품 부품 제조업,1990-01-25
019170,신풍제약,의약품 제조업,1990-01-20
002210,동성제약,의약품 제조업,1990-01-19
012170,아센디오,"영화, 비디오물, 방송프로그램 제작 및 배급업",1989-12-20
009420,한올바이오파마,의약품 제조업,1989-12-18
011330,유니켐,자동차 신품 부품 제조업,1989-12-14
012800,대창,1차 비철금속 제조업,1989-12-05
013360,일성건설,토목 건설업,1989-12-02
013700,까뮤이앤씨,건물 건설업,1989-11-30
002760,보락,기타 화학제품 제조업,1989-11-30
007610,선도전기,"전동기, 발전기 및 전기 변환 · 공급 · 제어 장치 제조업",1989-11-30
004920,씨아이테크,영상 및 음향기기 제조업,1989-11-30
009290,광동제약,의약품 제조업,1989-11-17
011420,갤럭시아에스엠,스포츠 서비스업,1989-11-14
004270,남성,기타 전문 도매업,1989-11-14
001940,KISCO홀딩스,1차 철강 제조업,1989-11-13
009410,태영건설,토목 건설업,1989-11-13
007280,한국특강,1차 철강 제조업,1989-11-13
009180,한솔로지스틱스,기타 운송관련 서비스업,1989-11-13
002170,SYTS,"가죽, 가방 및 유사제품 제조업",1989-11-10
017670,SK텔레콤,전기 통신업,1989-11-07
010640,진양폴리우레탄,플라스틱제품 제조업,1989-09-30
003650,미창석유공업,석유 정제품 제조업,1989-09-27
004380,삼익THK,일반 목적용 기계 제조업,1989-09-26
002840,미원상사,기타 화학제품 제조업,1989-09-25
007860,서연,기타 금융업,1989-09-09
013000,세우글로벌,기타 전문 도매업,1989-09-05
012330,현대모비스,자동차 신품 부품 제조업,1989-09-05
001390,KG케미칼,기초 화학물질 제조업,1989-08-25
009320,아진전자부품,자동차 신품 부품 제조업,1989-08-25
001450,현대해상,보험업,1989-08-25
005440,현대지에프홀딩스,기타 금융업,1989-08-22
015760,한국전력공사,전기업,1989-08-10
007690,국도화학,기초 화학물질 제조업,1989-08-05
006280,녹십자,의약품 제조업,1989-08-01
009160,SIMPAC,1차 철강 제조업,1989-07-29
008600,윌비스,생활용품 도매업,1989-07-28
015230,대창단조,자동차 신품 부품 제조업,1989-07-25
007160,사조산업,수산물 가공 및 저장 처리업,1989-07-25
014130,한익스프레스,도로 화물 운송업,1989-07-25
008040,사조동아원,"곡물가공품, 전분 및 전분제품 제조업",1989-06-24
009140,경인전자,전자부품 제조업,1989-06-20
009580,무림P&P,"펄프, 종이 및 판지 제조업",1989-06-20
014990,인디에프,봉제의복 제조업,1989-06-20
013570,디와이,기타 금융업,1989-05-30
003610,방림,직물직조 및 직물제품 제조업,1989-05-30
015590,DKME,일반 목적용 기계 제조업,1989-05-27
014680,한솔케미칼,기초 화학물질 제조업,1989-05-20
010820,퍼스텍,무기 및 총포탄 제조업,1989-05-10
006040,동원산업,기타 금융업,1989-03-07
008060,대덕,기타 금융업,1989-01-26
003680,한성기업,수산물 가공 및 저장 처리업,1989-01-26
015020,이스타코,부동산 임대 및 공급업,1988-12-23
011280,태림포장,"골판지, 종이 상자 및 종이용기 제조업",1988-12-20
002310,아세아제지,"골판지, 종이 상자 및 종이용기 제조업",1988-12-15
010660,화천기계,특수 목적용 기계 제조업,1988-12-12
011150,CJ씨푸드,기타 식품 제조업,1988-11-26
001770,SHD,1차 철강 제조업,1988-11-23
018470,조일알미늄,1차 비철금속 제조업,1988-11-22
005850,에스엘,자동차 신품 부품 제조업,1988-11-08
009970,영원무역홀딩스,기타 금융업,1988-11-07
012510,더존비즈온,"컴퓨터 프로그래밍, 시스템 통합 및 관리업",1988-10-28
003850,보령,의약품 제조업,1988-10-24
008250,이건산업,나무제품 제조업,1988-10-21
012690,모나리자,기타 종이 및 판지 제품 제조업,1988-10-14
006370,대구백화점,종합 소매업,1988-10-10
006980,우성,"곡물가공품, 전분 및 전분제품 제조업",1988-10-10
002920,유성기업,자동차 신품 부품 제조업,1988-10-10
002220,한일철강,1차 철강 제조업,1988-10-07
002450,삼익악기,악기 제조업,1988-09-30
002460,HS화성,건물 건설업,1988-09-29
007340,DN오토모티브,일차전지 및 이차전지 제조업,1988-09-24
000890,보해양조,알코올음료 제조업,1988-09-23
001290,상상인증권,금융 지원 서비스업,1988-09-23
003010,혜인,기계장비 및 관련 물품 도매업,1988-09-20
014280,금강공업,1차 철강 제조업,1988-09-10
009810,플레이그램,기타 전문 도매업,1988-08-31
008730,율촌화학,플라스틱제품 제조업,1988-08-30
009270,신원,봉제의복 제조업,1988-08-24
004140,동방,기타 운송관련 서비스업,1988-08-10
002960,한국쉘석유,석유 정제품 제조업,1988-08-10
003000,부광약품,의약품 제조업,1988-08-05
005810,풍산홀딩스,기타 금융업,1988-07-28
001270,부국증권,금융 지원 서비스업,1988-07-19
012200,계양전기,일반 목적용 기계 제조업,1988-07-06
004710,한솔테크닉스,전자부품 제조업,1988-07-06
016610,DB증권,금융 지원 서비스업,1988-06-27
008930,한미사이언스,기타 금융업,1988-06-20
005500,삼진제약,의약품 제조업,1988-06-18
005490,POSCO홀딩스,1차 철강 제조업,1988-06-10
002410,범양건영,건물 건설업,1988-05-25
005690,파미셀,전자부품 제조업,1988-05-20
001230,동국홀딩스,기타 금융업,1988-05-09
006340,대원전선,절연선 및 케이블 제조업,1988-05-04
005950,이수화학,기초 화학물질 제조업,1988-04-28
016360,삼성증권,금융 지원 서비스업,1988-03-28
002810,삼영무역,기타 전문 도매업,1988-03-28
001750,한양증권,금융 지원 서비스업,1988-03-04
011780,금호석유화학,기초 화학물질 제조업,1988-01-22
003470,유안타증권,금융 지원 서비스업,1988-01-21
002620,제일파마홀딩스,회사 본부 및 경영 컨설팅 서비스업,1988-01-20
015260,에이엔피,전자부품 제조업,1988-01-18
009460,한창제지,"펄프, 종이 및 판지 제조업",1987-12-23
005720,넥센,고무제품 제조업,1987-12-19
006660,삼성공조,자동차 신품 부품 제조업,1987-11-28
004490,세방전지,일차전지 및 이차전지 제조업,1987-11-28
011000,진원생명과학,의약품 제조업,1987-11-16
009310,참엔지니어링,특수 목적용 기계 제조업,1987-11-12
010100,한국무브넥스,자동차 신품 부품 제조업,1987-10-02
005070,코스모신소재,기타 화학제품 제조업,1987-09-28
004830,덕성,플라스틱제품 제조업,1987-09-25
001720,신영증권,금융 지원 서비스업,1987-08-24
001200,유진증권,금융 지원 서비스업,1987-08-24
003460,유화증권,금융 지원 서비스업,1987-08-24
011700,한신기계공업,일반 목적용 기계 제조업,1987-07-24
005420,코스모화학,기타 화학제품 제조업,1987-07-23
000500,가온전선,절연선 및 케이블 제조업,1987-06-08
010950,S-Oil,석유 정제품 제조업,1987-05-27
012450,한화에어로스페이스,"항공기,우주선 및 부품 제조업",1987-05-27
011230,삼화전자공업,영상 및 음향기기 제조업,1987-05-25
004020,현대제철,1차 철강 제조업,1987-05-23
004770,써니전자,전자부품 제조업,1987-04-22
004560,현대비앤지스틸,1차 철강 제조업,1987-03-24
006090,사조오양,수산물 가공 및 저장 처리업,1986-12-24
003530,한화투자증권,금융 지원 서비스업,1986-11-25
009470,삼화전기,전자부품 제조업,1986-11-24
001510,SK증권,금융 지원 서비스업,1986-09-20
010770,평화홀딩스,자동차 신품 부품 제조업,1986-03-31
007110,일신석재,"건축자재, 철물 및 난방장치 도매업",1986-03-04
016380,KG스틸,1차 철강 제조업,1986-02-03
010780,아이에스동서,"시멘트, 석회, 플라스터 및 그 제품 제조업",1986-01-27
002360,SH에너지화학,기초 화학물질 제조업,1985-12-23
003830,대한화섬,화학섬유 제조업,1985-12-23
007810,코리아써키트,전자부품 제조업,1985-09-09
004170,신세계,종합 소매업,1985-08-19
010060,OCI홀딩스,기타 금융업,1985-07-09
000520,삼일제약,의약품 제조업,1985-05-29
006490,인스코비,전기 통신업,1985-01-17
003120,일성아이에스,의약품 제조업,1985-01-14
000720,현대건설,토목 건설업,1984-12-22
002710,TCC스틸,1차 철강 제조업,1984-12-21
003060,에이프로젠바이오로직스,의약품 제조업,1984-10-19
007700,F&F 홀딩스,기타 금융업,1984-10-04
008700,아남전자,영상 및 음향기기 제조업,1984-08-11
006360,GS건설,건물 건설업,1981-08-03
006110,삼아알미늄,1차 비철금속 제조업,1980-12-05
006200,한국전자홀딩스,기타 금융업,1979-11-30
006400,삼성SDI,일차전지 및 이차전지 제조업,1979-02-27
009150,삼성전기,전자부품 제조업,1979-02-27
005960,동부건설,토목 건설업,1978-10-30
009070,케이씨티시,도로 화물 운송업,1978-09-29
003070,코오롱글로벌,토목 건설업,1978-09-15
005180,빙그레,동·식물성 유지 및 낙농제품 제조업,1978-08-31
005250,녹십자홀딩스,회사 본부 및 경영 컨설팅 서비스업,1978-08-28
000480,시알홀딩스,"내화, 비내화 요업제품 제조업",1978-06-30
004310,현대약품,의약품 제조업,1978-06-28
003920,남양유업,동·식물성 유지 및 낙농제품 제조업,1978-06-24
008350,남선알미늄,1차 비철금속 제조업,1978-05-22
003350,한국화장품제조,기타 화학제품 제조업,1978-02-06
011760,현대코퍼레이션,상품 종합 도매업,1977-12-01
006260,LS,기타 금융업,1977-06-30
001740,SK네트웍스,기타 전문 도매업,1977-06-30
002100,경농,"비료, 농약 및 살균, 살충제 제조업",1977-06-30
004870,티웨이홀딩스,"시멘트, 석회, 플라스터 및 그 제품 제조업",1977-06-30
007590,동방아그로,"비료, 농약 및 살균, 살충제 제조업",1977-06-29
004430,송원산업,기타 화학제품 제조업,1977-06-25
002780,진흥기업,토목 건설업,1977-06-25
004090,한국석유공업,기타 비금속 광물제품 제조업,1977-06-25
000650,천일고속,육상 여객 운송업,1977-06-23
000430,대원강업,자동차 신품 부품 제조업,1977-06-22
001080,만호제강,1차 철강 제조업,1977-06-18
004700,조광피혁,"가죽, 가방 및 유사제품 제조업",1977-05-27
004360,세방,도로 화물 운송업,1977-05-19
008970,KBI동양철관,1차 철강 제조업,1977-03-05
002880,디와이에이,자동차 신품 부품 제조업,1977-02-18
001260,남광토건,토목 건설업,1976-12-28
005680,삼영전자공업,전자부품 제조업,1976-12-28
005800,신영와코루,봉제의복 제조업,1976-12-28
002630,오리엔트바이오,의약품 제조업,1976-12-28
001550,조비,"비료, 농약 및 살균, 살충제 제조업",1976-12-28
005430,한국공항,기타 운송관련 서비스업,1976-12-28
004910,조광페인트,기타 화학제품 제조업,1976-12-27
003080,SB성보,"비료, 농약 및 살균, 살충제 제조업",1976-12-23
004690,삼천리,연료용 가스 제조 및 배관공급업,1976-12-23
002600,조흥,기타 식품 제조업,1976-12-23
001570,금양,기초 화학물질 제조업,1976-12-17
003960,사조대림,수산물 가공 및 저장 처리업,1976-09-16
002070,비비안,봉제의복 제조업,1976-07-13
003570,SNT다이내믹스,자동차 신품 부품 제조업,1976-07-08
004960,한신공영,건물 건설업,1976-07-07
004370,농심,기타 식품 제조업,1976-06-30
003720,삼영,플라스틱제품 제조업,1976-06-30
004980,성신양회,"시멘트, 석회, 플라스터 및 그 제품 제조업",1976-06-30
004970,신라교역,어로 어업,1976-06-30
002870,신풍,기타 전문 도매업,1976-06-30
001630,종근당홀딩스,의약품 제조업,1976-06-30
005740,크라운해태홀딩스,기타 금융업,1976-06-30
002390,한독,의약품 제조업,1976-06-30
001380,SG글로벌,자동차 신품 부품 제조업,1976-06-29
006120,SK디스커버리,기타 금융업,1976-06-29
007540,샘표,기타 금융업,1976-06-29
003280,흥아해운,해상 운송업,1976-06-29
001250,GS글로벌,상품 종합 도매업,1976-06-26
002990,금호건설,건물 건설업,1976-06-26
001470,삼부토건,토목 건설업,1976-06-26
001820,삼화콘덴서공업,전자부품 제조업,1976-06-26
001020,페이퍼코리아,"펄프, 종이 및 판지 제조업",1976-06-26
001520,동양,"시멘트, 석회, 플라스터 및 그 제품 제조업",1976-06-25
000880,한화,기타 화학제품 제조업,1976-06-24
001060,JW중외제약,의약품 제조업,1976-06-14
000670,영풍,1차 비철금속 제조업,1976-06-12
001340,PKC,기초 화학물질 제조업,1976-06-10
000180,성창기업지주,회사 본부 및 경영 컨설팅 서비스업,1976-06-02
005110,한창,기계장비 및 관련 물품 도매업,1976-06-01
004450,삼화왕관,기타 금속 가공제품 제조업,1976-05-28
000040,KR모터스,그외 기타 운송장비 제조업,1976-05-25
002240,고려제강,1차 철강 제조업,1976-05-25
004100,태양금속공업,자동차 신품 부품 제조업,1976-05-25
002820,SUN&L,플라스틱제품 제조업,1976-05-22
004840,DRB동일,고무제품 제조업,1976-05-21
002350,넥센타이어,고무제품 제조업,1976-05-19
004060,SG세계물산,상품 종합 도매업,1976-04-19
004000,롯데정밀화학,기초 화학물질 제조업,1976-04-15
000020,동화약품,의약품 제조업,1976-03-24
000210,DL,기초 화학물질 제조업,1976-02-02
001120,LX인터내셔널,상품 중개업,1976-01-30
002720,국제약품,의약품 제조업,1975-12-27
003240,태광산업,화학섬유 제조업,1975-12-27
005030,부산주공,자동차 신품 부품 제조업,1975-12-26
000590,CS홀딩스,기타 금융업,1975-12-22
000990,DB하이텍,반도체 제조업,1975-12-12
006570,대림통상,기타 금속 가공제품 제조업,1975-11-20
000220,유유제약,의약품 제조업,1975-11-18
000860,강남제비스코,기타 화학제품 제조업,1975-11-12
003540,대신증권,금융 지원 서비스업,1975-10-01
005940,NH투자증권,금융 지원 서비스업,1975-09-30
006800,미래에셋증권,금융 지원 서비스업,1975-09-30
002700,신일전자,기계장비 및 관련 물품 도매업,1975-09-30
001360,삼성제약,의약품 제조업,1975-07-04
000810,삼성화재해상보험,보험업,1975-06-30
003230,삼양식품,기타 식품 제조업,1975-06-30
000370,한화손해보험,보험업,1975-06-30
008260,NI스틸,1차 철강 제조업,1975-06-28
000230,일동홀딩스,의약품 제조업,1975-06-28
000490,대동,특수 목적용 기계 제조업,1975-06-27
001800,오리온홀딩스,기타 금융업,1975-06-27
004540,깨끗한나라,"펄프, 종이 및 판지 제조업",1975-06-25
001420,태원물산,자동차 신품 부품 제조업,1975-06-24
002020,코오롱,기타 금융업,1975-06-23
005930,삼성전자,통신 및 방송 장비 제조업,1975-06-11
000300,DH오토넥스,자동차 신품 부품 제조업,1975-06-09
001460,BYC,봉제의복 제조업,1975-06-02
003620,KG모빌리티,자동차용 엔진 및 자동차 제조업,1975-05-29
005610,삼립,기타 식품 제조업,1975-05-02
000540,흥국화재,보험업,1974-12-05
007570,일양약품,의약품 제조업,1974-08-28
002320,한진,도로 화물 운송업,1974-08-12
002200,한국수출포장공업,"골판지, 종이 상자 및 종이용기 제조업",1974-06-28
005380,현대자동차,자동차용 엔진 및 자동차 제조업,1974-06-28
005360,모나미,생활용품 도매업,1974-06-26
009830,한화솔루션,기초 화학물질 제조업,1974-06-19
002030,아세아,회사 본부 및 경영 컨설팅 서비스업,1974-06-03
006380,카프로,기초 화학물질 제조업,1974-05-28
004990,롯데지주,기타 금융업,1974-02-16
001070,대한방직,직물직조 및 직물제품 제조업,1973-12-28
004410,서울식품공업,기타 식품 제조업,1973-12-28
000680,LS네트웍스,상품 종합 도매업,1973-11-15
001210,금호전기,전구 및 조명장치 제조업,1973-11-15
000140,하이트진로홀딩스,기타 금융업,1973-09-19
000320,노루홀딩스,기타 금융업,1973-08-10
000270,기아,자동차용 엔진 및 자동차 제조업,1973-07-21
004800,효성,기타 금융업,1973-06-30
001040,CJ,기타 금융업,1973-06-29
000150,두산,전자부품 제조업,1973-06-29
005010,휴스틸,1차 철강 제조업,1973-06-29
005830,DB손해보험,보험업,1973-06-28
002900,TYM,특수 목적용 기계 제조업,1973-06-26
003090,대웅,의약품 제조업,1973-06-26
003780,진양산업,플라스틱제품 제조업,1973-06-26
003520,영진약품,의약품 제조업,1973-06-25
002380,케이씨씨,기타 화학제품 제조업,1973-06-25
005300,롯데칠성음료,비알코올음료 및 얼음 제조업,1973-06-21
003200,일신방직,방적 및 가공사 제조업,1973-05-23
002790,아모레퍼시픽홀딩스,기타 화학제품 제조업,1973-04-30
006220,제주은행,은행 및 저축기관,1972-12-28
004150,한솔홀딩스,기타 금융업,1972-05-17
007210,벽산,기타 비금속 광물제품 제조업,1972-01-04
000400,롯데손해보험,보험업,1971-04-16
001130,대한제분,"곡물가공품, 전분 및 전분제품 제조업",1970-11-25
001680,대상,기타 식품 제조업,1970-04-01
003550,LG,기타 금융업,1970-02-13
000640,동아쏘시오홀딩스,기타 금융업,1970-02-10
003690,코리안리,재 보험업,1969-12-22
000970,한국주철관공업,1차 철강 제조업,1969-12-12
003300,한일홀딩스,"시멘트, 석회, 플라스터 및 그 제품 제조업",1969-11-20
004250,엔피씨,플라스틱제품 제조업,1969-09-08
003030,세아제강지주,기타 금융업,1969-05-13
001440,대한전선,절연선 및 케이블 제조업,1968-12-27
001790,대한제당,"곡물가공품, 전분 및 전분제품 제조업",1968-12-27
000070,삼양홀딩스,기타 금융업,1968-12-27
002420,세기상사,연료 소매업,1968-12-27
000240,한국앤컴퍼니,기타 금융업,1968-12-27
000950,전방,방적 및 가공사 제조업,1968-10-21
003490,대한항공,항공 여객 운송업,1966-03-18
001530,디아이동일,상품 중개업,1964-01-04
000100,유한양행,의약품 제조업,1962-11-01
000120,CJ대한통운,도로 화물 운송업,1956-07-02
000050,경방,종합 소매업,1956-03-03
000700,유수홀딩스,회사 본부 및 경영 컨설팅 서비스업,1956-03-03
003480,한진중공업홀딩스,연료용 가스 제조 및 배관공급업,1956-03-03
